repo,ahead,behind,status,note
fornevercollective/grok-build,True,?,{'error': True},
thedavidweng/gork-build,61,7,diverged,
mweinbach/open-grok,True,?,{'error': True},
DaviRain-Su/hyper-grok-build,73,0,ahead,
Jane-o-O-o-O/grok-build-gui,True,?,{'error': True},
jasonkneen/agent-tui,True,?,{'error': True},
DeveshParagiri/forge,46,4,diverged,
Dwsy/grok-pi,137,1,diverged,
open-grok/open-grok,True,?,{'error': True},
rossnoah/grok-build-no-telemetry,True,?,{'error': True},
anxkhn/grok-build,3,6,diverged,
SeatownSin/axon,25,5,diverged,
micic-mihajlo/grox,3,5,diverged,
failure-fail/failure-build,62,7,diverged,
daniel-farina/grok-build,3,8,diverged,
ZhangHanDong/grok-build,20,6,diverged,
chriscase/GrokPtah,True,?,{'error': True},
SurmountSystems/grok-oss,True,?,{'error': True},
amanverasia/groky,96,7,diverged,
josepha-mayo/oh-my-grok-build,142,5,diverged,
9thLevelSoftware/grok-out,5,0,ahead,
Pikachubolk/grok-build-desktop,11,1,diverged,
askariasr-s-r/kraftaria,0,1,behind,
